Name,Color,Mileage,Stock Num,Price,Image
2020 Porsche 911 Carrera 4 (992),Jet Black Metallic,90 km,P20230,"$ 143,470.00",https://d2x7jl4z036ayr.cloudfront.net/porsche_pictures/WP0/WP0AA2A9/WP0AA2A91LS205782/2975D536C426FDB823784D435FBE992D.jpg
2020 Porsche 911 Carrera 4 Cabriolet (992),Carrara White Metallic,90 km,P20222,"$ 150,090.00",https://d2x7jl4z036ayr.cloudfront.net/porsche_pictures/WP0/WP0CA2A9/WP0CA2A93LS251364/54410F0B6827EAFFFAC20630B4544B0F.jpg
2020 Porsche 911 Carrera 4 Cabriolet (992),Carbon Grey Metallic,90 km,,"$ 146,280.00",https://d2x7jl4z036ayr.cloudfront.net/porsche_pictures/WP0/WP0CA2A9/WP0CA2A99LS251367/87F27020C70C55B763B0AFF02C3427E9.jpg
2020 Porsche 911 Carrera 4S (992),Miami Blue,90 km,P20128,"$ 173,320.00",https://d2x7jl4z036ayr.cloudfront.net/porsche_pictures/WP0/WP0AB2A9/WP0AB2A94LS227451/E522991236432210EEA61D36FBDB8273.jpg
2020 Porsche 911 Carrera 4S (992),Jet Black Metallic,90 km,P20129,"$ 171,100.00",https://d2x7jl4z036ayr.cloudfront.net/porsche_pictures/WP0/WP0AB2A9/WP0AB2A97LS227539/560A44B3C1C7CDE61F1AEEE860115F72.jpg
2020 Porsche 911 Carrera 4S (992),Carrara White Metallic,90 km,P20150,"$ 169,120.00",https://d2x7jl4z036ayr.cloudfront.net/porsche_pictures/WP0/WP0AB2A9/WP0AB2A98LS227193/0288EC1786C776F77EB9755DBCE495AB.jpg
2020 Porsche 911 Carrera 4S (992),Carrara White Metallic,90 km,,"$ 164,880.00",https://d2x7jl4z036ayr.cloudfront.net/porsche_pictures/WP0/WP0AB2A9/WP0AB2A92LS228128/16829CA65DAECE24FDA75866F552C56D.jpg
2020 Porsche 911 Carrera 4S (992),Miami Blue,90 km,,"$ 169,180.00",https://d2x7jl4z036ayr.cloudfront.net/porsche_pictures/WP0/WP0AB2A9/WP0AB2A93LS227991/DD8A2D33E4D1666600163C81A7B56C72.jpg
2020 Porsche 911 Carrera 4S (992),Carrara White Metallic,90 km,,"$ 168,410.00",https://d2x7jl4z036ayr.cloudfront.net/porsche_pictures/WP0/WP0AB2A9/WP0AB2A91LS228640/3B4773CCDDE85BC2021E23878A01ECA8.jpg
2020 Porsche 911 Carrera 4S (992),Carbon Grey Metallic,90 km,,"$ 163,730.00",https://d2x7jl4z036ayr.cloudfront.net/porsche_pictures/WP0/WP0AB2A9/WP0AB2A98LS228666/E40F37CF45D0581F7AF9611E9439587E.jpg
2020 Porsche 911 Carrera 4S (992),Carrara White Metallic,90 km,,"$ 163,500.00",https://d2x7jl4z036ayr.cloudfront.net/porsche_pictures/WP0/WP0AB2A9/WP0AB2A9XLS228667/94446AD8D3AF46292D30349B6938B9DE.jpg
2020 Porsche 911 Carrera 4S (992),Jet Black Metallic,4581 km,UP1878,"$ 167,995.00",https://assets4.dealer-sites.com/images/thumbnail.php?type=inventory&id=37222231&imageid=1660663443&num=1&width=200&height=150
2020 Porsche 911 Carrera S (992),Carrara White Metallic,90 km,P20208,"$ 165,245.00",https://d2x7jl4z036ayr.cloudfront.net/porsche_pictures/WP0/WP0AB2A9/WP0AB2A92LS228145/569B07BA03A86CDFC373E17127FB13C2.jpg
2020 Porsche 911 Carrera S (992),Carbon Grey Metallic,90 km,P20209,"$ 156,645.00",https://d2x7jl4z036ayr.cloudfront.net/porsche_pictures/WP0/WP0AB2A9/WP0AB2A9XLS228300/9BD2DB7123FA5658A58F6929F7B4F043.jpg
2020 Porsche 911 Carrera S (992),Chalk,1350 km,UP1824,"$ 168,995.00",https://assets5.dealer-sites.com/images/thumbnail.php?type=inventory&id=33208197&imageid=1600178911&num=1&width=200&height=150
2020 Porsche Cayenne,Carrara White Metallic,90 km,,"$ 99,290.00",https://d2x7jl4z036ayr.cloudfront.net/porsche_pictures/WP1/WP1AA2AY/WP1AA2AY9LDA05856/E84707680E7D1EDF9FDF2DE0AA15507B.jpg
2020 Porsche Cayenne,Carrara White Metallic,90 km,,"$ 99,730.00",https://d2x7jl4z036ayr.cloudfront.net/porsche_pictures/WP1/WP1AA2AY/WP1AA2AY5LDA05885/7760BA60B3B97A9B39AD29D4FDF25734.jpg
2020 Porsche Cayenne,Carrara White Metallic,90 km,,"$ 99,730.00",https://d2x7jl4z036ayr.cloudfront.net/porsche_pictures/WP1/WP1AA2AY/WP1AA2AY3LDA05884/9BA36859FC3E97D52A9A2D6BD6054269.jpg
2020 Porsche Cayenne,Jet Black Metallic,90 km,,"$ 99,730.00",https://d2x7jl4z036ayr.cloudfront.net/porsche_pictures/WP1/WP1AA2AY/WP1AA2AY2LDA05892/1891A5A4AD8E7945BE45FA7B411A43C0.jpg
2020 Porsche Cayenne,Carrara White Metallic,90 km,,"$ 99,730.00",https://d2x7jl4z036ayr.cloudfront.net/porsche_pictures/WP1/WP1AA2AY/WP1AA2AY6LDA05944/76402DEF9BF81B84B1C8244186A417DD.jpg
2020 Porsche Cayenne,Carrara White Metallic,90 km,,"$ 94,510.00",https://d2x7jl4z036ayr.cloudfront.net/porsche_pictures/WP1/WP1AA2AY/WP1AA2AY8LDA06237/4FC8F3E404036D34F1B69EED57174D5C.jpg
2020 Porsche Cayenne,Carrara White Metallic,0 km,,"$ 101,230.00",https://d2x7jl4z036ayr.cloudfront.net/porsche_pictures/WP1/WP1AA2AY/WP1AA2AY1LDA06435/968945B135BE214E818E88EE9963146E.jpg
2020 Porsche Cayenne,Carrara White Metallic		 / Two-tone Leather Interior in Black / Bordeaux Red,50 km,,"$ 99,290.00",https://d2x7jl4z036ayr.cloudfront.net/porsche_pictures/WP1/WP1AA2AY/WP1AA2AY6LDA06463/4BD51A4D5D04FB8948A40C2E168ECC33.jpg
2020 Porsche Cayenne,Carrara White Metallic,0 km,,"$ 101,230.00",https://d2x7jl4z036ayr.cloudfront.net/porsche_pictures/WP1/WP1AA2AY/WP1AA2AY5LDA06468/C08B6D0AA0F57DCAEB357E30BCC0AF48.jpg
2020 Porsche Cayenne,Carrara White Metallic		 / Two-tone Leather Interior in Black / Bordeaux Red,0 km,,"$ 101,230.00",https://d2x7jl4z036ayr.cloudfront.net/porsche_pictures/WP1/WP1AA2AY/WP1AA2AY9LDA06442/FC3913EA61658437AA364D60DC2AE918.jpg
2020 Porsche Cayenne,Chalk		 / Leather Interior in Black,50 km,,"$ 97,200.00",https://d2x7jl4z036ayr.cloudfront.net/porsche_pictures/WP1/WP1AA2AY/WP1AA2AY9LDA06456/BC8679EAF5A5A778AA592329D18DCD49.jpg
2020 Porsche Cayenne,Carrara White Metallic		 / Two-tone Leather Interior in Black / Bordeaux Red,50 km,,"$ 99,290.00",https://d2x7jl4z036ayr.cloudfront.net/porsche_pictures/WP1/WP1AA2AY/WP1AA2AY5LDA06437/8B411E1F34917F19F7AE9D297794B108.jpg
2020 Porsche Cayenne Coupe,Jet Black Metallic,0 km,,"$ 106,570.00",https://d2x7jl4z036ayr.cloudfront.net/porsche_pictures/WP1/WP1BA2AY/WP1BA2AY7LDA46183/BD0EBA8031CE45B15DEE86A223807817.jpg
2020 Porsche Cayenne Coupe,Carrara White Metallic,90 km,,"$ 105,070.00",https://d2x7jl4z036ayr.cloudfront.net/porsche_pictures/WP1/WP1BA2AY/WP1BA2AY0LDA46235/28EA9268DC85836011EFDFFC9D9D10AB.jpg
2020 Porsche Cayenne Coupe,Chalk,90 km,,"$ 102,980.00",https://d2x7jl4z036ayr.cloudfront.net/porsche_pictures/WP1/WP1BA2AY/WP1BA2AYXLDA46405/9CF26A1F71C8890855755D646D2D1727.jpg
2020 Porsche Cayenne Coupe,Jet Black Metallic,90 km,,"$ 101,770.00",https://d2x7jl4z036ayr.cloudfront.net/porsche_pictures/WP1/WP1BA2AY/WP1BA2AY6LDA46773/936CE546896E43844BB993ED9A9512D1.jpg
2020 Porsche Cayenne Coupe,Chalk,90 km,,"$ 103,260.00",https://d2x7jl4z036ayr.cloudfront.net/porsche_pictures/WP1/WP1BA2AY/WP1BA2AY2LDA46785/C1F11DA9B4E08F00B27A66DB126ECEA3.jpg
2020 Porsche Cayenne Coupe,Carrara White Metallic,90 km,,"$ 108,740.00",https://d2x7jl4z036ayr.cloudfront.net/porsche_pictures/WP1/WP1BA2AY/WP1BA2AY4LDA46819/D32902DF927EF04D46C596B558CCBACE.jpg
2020 Porsche Cayenne Coupe,Lava Orange,90 km,,"$ 128,470.00",https://d2x7jl4z036ayr.cloudfront.net/porsche_pictures/WP1/WP1BA2AY/WP1BA2AY4LDA46884/F4A9B19B98F67547898A9A87FAF95F06.jpg
2020 Porsche Cayenne Coupe,Jet Black Metallic,90 km,,"$ 104,620.00",https://d2x7jl4z036ayr.cloudfront.net/porsche_pictures/WP1/WP1BA2AY/WP1BA2AY2LDA47158/F2E21B6D835DC7DB974A85BDCA07D4FF.jpg
2020 Porsche Cayenne Coupe,Carrara White Metallic		 / Two-tone Leather Interior in Black / Bordeaux Red,90 km,,"$ 104,620.00",https://d2x7jl4z036ayr.cloudfront.net/porsche_pictures/WP1/WP1BA2AY/WP1BA2AY3LDA47170/D5C4AB32DA627A2018B584259F62F694.jpg
2020 Porsche Cayenne E-Hybrid Coupe,Carrara White Metallic,0 km,,"$ 116,970.00",https://d2x7jl4z036ayr.cloudfront.net/porsche_pictures/WP1/WP1BE2AY/WP1BE2AY0LDA55022/7574F63968A550EE1BEDAE0B34F29E12.jpg
2020 Porsche Cayenne S,Carrara White Metallic,90 km,,"$ 119,680.00",https://d2x7jl4z036ayr.cloudfront.net/porsche_pictures/WP1/WP1AB2AY/WP1AB2AY6LDA27634/2EC374F4CCD2DEA9523224E221DCBE25.jpg
2020 Porsche Cayenne S,Jet Black Metallic,90 km,,"$ 120,020.00",https://d2x7jl4z036ayr.cloudfront.net/porsche_pictures/WP1/WP1AB2AY/WP1AB2AY6LDA27777/C201D0F384C817DD1F2CAB788445B28C.jpg
2020 Porsche Cayenne S,Carrara White Metallic,90 km,,"$ 119,240.00",https://d2x7jl4z036ayr.cloudfront.net/porsche_pictures/WP1/WP1AB2AY/WP1AB2AYXLDA27779/924E16BF5ED052C36BA59FB9251F28C5.jpg
2020 Porsche Cayenne S,Carrara White Metallic,90 km,P20267,"$ 125,550.00",https://d2x7jl4z036ayr.cloudfront.net/porsche_pictures/WP1/WP1AB2AY/WP1AB2AY7LDA28016/35D71A99685D8349B54F5494306B3CB4.jpg
2020 Porsche Cayenne S,Carrara White Metallic,0 km,,"$ 124,830.00",https://d2x7jl4z036ayr.cloudfront.net/porsche_pictures/WP1/WP1AB2AY/WP1AB2AY6LDA28315/F467C73818F5B66D2767E0412930C972.jpg
2020 Porsche Cayenne S Coupe,Jet Black Metallic,90 km,,"$ 122,260.00",https://d2x7jl4z036ayr.cloudfront.net/porsche_pictures/WP1/WP1BB2AY/WP1BB2AY6LDA57043/834FF7614EA13BD78733AE2B032B49BB.jpg
2020 Porsche Cayenne S Coupe,Jet Black Metallic,90 km,,"$ 122,260.00",https://d2x7jl4z036ayr.cloudfront.net/porsche_pictures/WP1/WP1BB2AY/WP1BB2AY5LDA57079/43763A0D0D33CBD32A1D43ED8B541D5A.jpg
2020 Porsche Cayenne S Coupe,Jet Black Metallic,90 km,P20311,"$ 128,570.00",https://d2x7jl4z036ayr.cloudfront.net/porsche_pictures/WP1/WP1BB2AY/WP1BB2AY1LDA57046/3C5562616670B0E63D45F15F63DA3C19.jpg
2020 Porsche Cayenne S Coupe,Carrara White Metallic,90 km,,"$ 122,260.00",https://d2x7jl4z036ayr.cloudfront.net/porsche_pictures/WP1/WP1BB2AY/WP1BB2AY9LDA57120/40C4BADE9F7F08305F0B3F0AEE1176C4.jpg
2020 Porsche Cayenne S Coupe,Carrara White Metallic,90 km,,"$ 122,180.00",https://d2x7jl4z036ayr.cloudfront.net/porsche_pictures/WP1/WP1BB2AY/WP1BB2AY5LDA57230/48DEA42CB89CB6FB1D0C0B9E27FA5C90.jpg
2020 Porsche Cayenne S Coupe,Chalk,90 km,,"$ 120,170.00",https://d2x7jl4z036ayr.cloudfront.net/porsche_pictures/WP1/WP1BB2AY/WP1BB2AY2LDA57444/26BF96E199DD9072178CB7311B1FF335.jpg
2020 Porsche Cayenne S Coupe,Jet Black Metallic,90 km,,"$ 117,490.00",https://d2x7jl4z036ayr.cloudfront.net/porsche_pictures/WP1/WP1BB2AY/WP1BB2AY4LDA57378/B2C7BC3C29F83A6279581E40E0B46A17.jpg
2020 Porsche Cayenne S Coupe,Carrara White Metallic,90 km,,"$ 117,490.00",https://d2x7jl4z036ayr.cloudfront.net/porsche_pictures/WP1/WP1BB2AY/WP1BB2AY1LDA57323/60037EEE825941BA908C57C32CF1BC8E.jpg
2020 Porsche Cayenne S Coupe,Chalk		 / Partial leather interior in Black  Seats in smooth,90 km,P20312,"$ 120,170.00",https://d2x7jl4z036ayr.cloudfront.net/porsche_pictures/WP1/WP1BB2AY/WP1BB2AY5LDA57714/A791724109508AB8BA27821FB3986322.jpg
2020 Porsche Cayenne S Coupe,Quartzite Grey Metallic,90 km,,"$ 122,260.00",https://d2x7jl4z036ayr.cloudfront.net/porsche_pictures/WP1/WP1BB2AY/WP1BB2AY9LDA57845/0795F13660622E5A6914C41C5C8B88FB.jpg
2020 Porsche Cayenne S Coupe,Jet Black Metallic,90 km,,"$ 122,260.00",https://d2x7jl4z036ayr.cloudfront.net/porsche_pictures/WP1/WP1BB2AY/WP1BB2AY7LDA57858/5BBB26AABD7BFF3A0C59A4DE73AEE6FD.jpg
2020 Porsche Cayenne S Coupe,Carrara White Metallic,90 km,P20310,"$ 122,260.00",https://d2x7jl4z036ayr.cloudfront.net/porsche_pictures/WP1/WP1BB2AY/WP1BB2AY3LDA57856/EE9AC09CB9646B5D5DCE39D186AAC9BC.jpg
2020 Porsche Cayenne S Coupe,Jet Black Metallic,90 km,,"$ 122,260.00",https://d2x7jl4z036ayr.cloudfront.net/porsche_pictures/WP1/WP1BB2AY/WP1BB2AY9LDA57859/364551FB06529B8D2054FB587A3EB0A9.jpg
2020 Porsche Cayenne S Coupe,Biscay Blue Metallic,90 km,,"$ 122,260.00",https://d2x7jl4z036ayr.cloudfront.net/porsche_pictures/WP1/WP1BB2AY/WP1BB2AY7LDA57844/39ECCD399E5800C5F0E267BA4B0D7BF7.jpg
2020 Porsche Cayenne Turbo Coupe,Carrara White Metallic,90 km,,"$ 167,520.00",https://d2x7jl4z036ayr.cloudfront.net/porsche_pictures/WP1/WP1BF2AY/WP1BF2AY4LDA65100/AF0280A79FBB34B42F1124A90978530F.jpg
2020 Porsche Cayenne Turbo Coupe,Quartzite Grey Metallic,90 km,,"$ 169,320.00",https://d2x7jl4z036ayr.cloudfront.net/porsche_pictures/WP1/WP1BF2AY/WP1BF2AY2LDA65192/6E1083D00D622ACA3AD06EE6D10EDFBD.jpg
2020 Porsche Cayenne Turbo Coupe,Chalk,90 km,,"$ 174,650.00",https://d2x7jl4z036ayr.cloudfront.net/porsche_pictures/WP1/WP1BF2AY/WP1BF2AY1LDA65443/704C1F157865E05CA56228106A00F500.jpg
2020 Porsche Cayenne Turbo Coupe,Chalk		 / Leather Interior in Black,0 km,,"$ 190,850.00",https://d2x7jl4z036ayr.cloudfront.net/porsche_pictures/WP1/WP1BF2AY/WP1BF2AY2LDA65595/6F3DFAC0C071E48B9307DA64561DCBF5.jpg
2020 Porsche Macan,Volcano Grey Metallic,50 km,P20085,"$ 69,180.00",https://d2x7jl4z036ayr.cloudfront.net/porsche_pictures/WP1/WP1AA2A5/WP1AA2A53LLB00070/1B13FBE1D85C3F7BA33275C3FA69C8A8.jpg
2020 Porsche Macan,Jet Black Metallic,90 km,P20066,"$ 69,910.00",https://d2x7jl4z036ayr.cloudfront.net/porsche_pictures/WP1/WP1AA2A5/WP1AA2A50LLB00186/63EE00BBAC0CD4569111F3264B384609.jpg
2020 Porsche Macan,Chalk,50 km,P20075,"$ 71,950.00",https://d2x7jl4z036ayr.cloudfront.net/porsche_pictures/WP1/WP1AA2A5/WP1AA2A52LLB01517/920033E9939589CAF4FB9553789D5AD7.jpg
2020 Porsche Macan,Sapphire Blue Metallic,90 km,,"$ 67,800.00",https://d2x7jl4z036ayr.cloudfront.net/porsche_pictures/WP1/WP1AA2A5/WP1AA2A51LLB07213/E3730A01AA6E7761DFFE01E9DAFB357F.jpg
2020 Porsche Macan,Volcano Grey Metallic,90 km,P20336,"$ 76,340.00",https://d2x7jl4z036ayr.cloudfront.net/porsche_pictures/WP1/WP1AA2A5/WP1AA2A56LLB07398/E4CD096D03C1411E0A9C2A4381FF04B9.jpg
2020 Porsche Macan,Jet Black Metallic,90 km,,"$ 70,030.00",https://d2x7jl4z036ayr.cloudfront.net/porsche_pictures/WP1/WP1AA2A5/WP1AA2A5XLLB07405/BC7851BBBD6A784C4C240BE2A022C527.jpg
2020 Porsche Macan,Night Blue Metallic,90 km,,"$ 67,800.00",https://d2x7jl4z036ayr.cloudfront.net/porsche_pictures/WP1/WP1AA2A5/WP1AA2A56LLB07403/963B3B7A9848C7F49AF62EB68B08CDE5.jpg
2020 Porsche Macan,Carrara White Metallic,90 km,P20337,"$ 70,030.00",https://d2x7jl4z036ayr.cloudfront.net/porsche_pictures/WP1/WP1AA2A5/WP1AA2A5XLLB07341/C0477D62F329D13446EDE07521AD64BB.jpg
2020 Porsche Macan,Jet Black Metallic,90 km,,"$ 70,030.00",https://d2x7jl4z036ayr.cloudfront.net/porsche_pictures/WP1/WP1AA2A5/WP1AA2A59LLB07427/32F0DB1567AE76AC771F57D064EF99FA.jpg
2020 Porsche Macan GTS,Carrara White Metallic,50 km,,"$ 88,580.00",https://d2x7jl4z036ayr.cloudfront.net/porsche_pictures/WP1/WP1AG2A5/WP1AG2A59LLB55024/5F0D82FB2D1C1241850F9CB9F95BF9BF.jpg
2020 Porsche Macan GTS,Jet Black Metallic		 / Black Leather Package with Partial Leather Seats,50 km,,"$ 89,050.00",https://d2x7jl4z036ayr.cloudfront.net/porsche_pictures/WP1/WP1AG2A5/WP1AG2A50LLB55039/EC12DB8DFD83C60F749859362089C433.jpg
2020 Porsche Macan GTS,Miami Blue,50 km,,"$ 91,820.00",https://d2x7jl4z036ayr.cloudfront.net/porsche_pictures/WP1/WP1AG2A5/WP1AG2A59LLB55041/2A34684F72846B38414DCB106FBA6AC5.jpg
2020 Porsche Macan GTS,Carrara White Metallic,0 km,,"$ 91,585.00",https://d2x7jl4z036ayr.cloudfront.net/porsche_pictures/WP1/WP1AG2A5/WP1AG2A54LLB55108/786B308E7C2C4FA8F8274C7B78CBDB5F.jpg
2020 Porsche Macan S,Carrara White Metallic,90 km,,"$ 82,720.00",https://d2x7jl4z036ayr.cloudfront.net/porsche_pictures/WP1/WP1AB2A5/WP1AB2A56LLB31360/5A3939D4AD1451B23C7DCC5C3067FE3A.jpg
2020 Porsche Macan S,Carrara White Metallic,90 km,P20099,"$ 86,535.00",https://d2x7jl4z036ayr.cloudfront.net/porsche_pictures/WP1/WP1AB2A5/WP1AB2A53LLB31655/E5D10BB16496FE954C98DF4A3538B25D.jpg
2020 Porsche Macan S,Chalk,50 km,P20078,"$ 84,760.00",https://d2x7jl4z036ayr.cloudfront.net/porsche_pictures/WP1/WP1AB2A5/WP1AB2A55LLB31303/C93CA388A43224ED3B54F306B2E4A91D.jpg
2020 Porsche Macan S,Chalk,50 km,P20070,"$ 84,760.00",https://d2x7jl4z036ayr.cloudfront.net/porsche_pictures/WP1/WP1AB2A5/WP1AB2A59LLB31322/8D32CB3EE91A459E6C1C71C06843AC58.jpg
2020 Porsche Macan S,Jet Black Metallic,90 km,P20069,"$ 86,535.00",https://d2x7jl4z036ayr.cloudfront.net/porsche_pictures/WP1/WP1AB2A5/WP1AB2A57LLB31352/FACB1CA2B11AF86DA4BFC7A1B864D710.jpg
2020 Porsche Macan S,Jet Black Metallic,50 km,P20055,"$ 81,990.00",https://d2x7jl4z036ayr.cloudfront.net/porsche_pictures/WP1/WP1AB2A5/WP1AB2A52LLB30190/7EBB60C66273958D49007F71561C1041.jpg
2020 Porsche Macan S,Volcano Grey Metallic,90 km,P20023,"$ 80,135.00",https://d2x7jl4z036ayr.cloudfront.net/porsche_pictures/WP1/WP1AB2A5/WP1AB2A53LLB31106/1FCBE85FA80F6F42CFCF19FEE8A04388.jpg
2020 Porsche Macan S,Carrara White Metallic,50 km,,"$ 83,970.00",https://d2x7jl4z036ayr.cloudfront.net/porsche_pictures/WP1/WP1AB2A5/WP1AB2A54LLB30336/0909491E27EB865DCDBDE728E66C34BE.jpg
2020 Porsche Macan S,Chalk,90 km,P20120,"$ 86,305.00",https://d2x7jl4z036ayr.cloudfront.net/porsche_pictures/WP1/WP1AB2A5/WP1AB2A57LLB32372/76981287CD6C85A346DA39379E6B0C40.jpg
2020 Porsche Macan S,Miami Blue,90 km,P20119,"$ 86,305.00",https://d2x7jl4z036ayr.cloudfront.net/porsche_pictures/WP1/WP1AB2A5/WP1AB2A56LLB32315/7141388FED7DBD07612CB45B7A4E3783.jpg
2020 Porsche Macan S,Sapphire Blue Metallic,50 km,P20116,"$ 80,970.00",https://d2x7jl4z036ayr.cloudfront.net/porsche_pictures/WP1/WP1AB2A5/WP1AB2A57LLB32419/3DFAC909B2660CCF73C2474C02D0C427.jpg
2020 Porsche Macan S,Miami Blue,90 km,P20121,"$ 87,075.00",https://d2x7jl4z036ayr.cloudfront.net/porsche_pictures/WP1/WP1AB2A5/WP1AB2A57LLB32405/DCA409C1277E5F63756DE271D0C68123.jpg
2020 Porsche Macan S,Carrara White Metallic,50 km,P20090,"$ 81,990.00",https://d2x7jl4z036ayr.cloudfront.net/porsche_pictures/WP1/WP1AB2A5/WP1AB2A53LLB30215/F2DAB8ED09516B7BB90E4B3D289D33E6.jpg
2020 Porsche Macan S,Volcano Grey Metallic,50 km,P20072,"$ 81,990.00",https://d2x7jl4z036ayr.cloudfront.net/porsche_pictures/WP1/WP1AB2A5/WP1AB2A53LLB30151/3EAB9AC03B43C0179EDD62007EA0937D.jpg
2020 Porsche Macan S,Jet Black Metallic,90 km,P20080,"$ 84,305.00",https://d2x7jl4z036ayr.cloudfront.net/porsche_pictures/WP1/WP1AB2A5/WP1AB2A54LLB30577/354CE438269909DCEF9B72A5CE20B7E6.jpg
2020 Porsche Macan S,Chalk,90 km,P20094,"$ 87,075.00",https://d2x7jl4z036ayr.cloudfront.net/porsche_pictures/WP1/WP1AB2A5/WP1AB2A55LLB30751/860725C0BC5FA256F7DA8A69805FE288.jpg
2020 Porsche Macan S,Carrara White Metallic,50 km,P20073,"$ 81,990.00",https://d2x7jl4z036ayr.cloudfront.net/porsche_pictures/WP1/WP1AB2A5/WP1AB2A52LLB30481/B62B92CA27431C8DE985F586C6C0F23B.jpg
2020 Porsche Macan S,Jet Black Metallic,50 km,P20051,"$ 81,990.00",https://d2x7jl4z036ayr.cloudfront.net/porsche_pictures/WP1/WP1AB2A5/WP1AB2A52LLB30125/3084D30048AC572C9B81ECDD53D47B86.jpg
2020 Porsche Macan S,Chalk,50 km,P20161,"$ 84,760.00",https://d2x7jl4z036ayr.cloudfront.net/porsche_pictures/WP1/WP1AB2A5/WP1AB2A56LLB33559/304EC303E09E1C304A4F9EE2AF81ADC5.jpg
2020 Porsche Macan S,Volcano Grey Metallic,50 km,P20189,"$ 79,725.00",https://d2x7jl4z036ayr.cloudfront.net/porsche_pictures/WP1/WP1AB2A5/WP1AB2A5XLLB34052/6BAE0BF1EE4967394BB04BAA7121FEFD.jpg
2020 Porsche Macan S,Dolomite Silver Metallic,50 km,,"$ 77,410.00",https://d2x7jl4z036ayr.cloudfront.net/porsche_pictures/WP1/WP1AB2A5/WP1AB2A53LLB34068/E1EAC44AFD16CFB9F6379CB8B0EA4AE7.jpg
2020 Porsche Macan S,Carrara White Metallic,50 km,P20206,"$ 77,680.00",https://d2x7jl4z036ayr.cloudfront.net/porsche_pictures/WP1/WP1AB2A5/WP1AB2A5XLLB34066/1200330FE7754934FDF1C093F63FB157.jpg
2020 Porsche Macan S,Sapphire Blue Metallic,50 km,P20185,"$ 77,410.00",https://d2x7jl4z036ayr.cloudfront.net/porsche_pictures/WP1/WP1AB2A5/WP1AB2A53LLB34071/78E13714D91CD553523D834EE375CE8F.jpg
2020 Porsche Macan S,Carrara White Metallic,50 km,P20214,"$ 81,220.00",https://d2x7jl4z036ayr.cloudfront.net/porsche_pictures/WP1/WP1AB2A5/WP1AB2A56LLB34338/0E88B330D846E01BF268EFE0833E90EA.jpg
2020 Porsche Macan S,Sapphire Blue Metallic,50 km,P20217,"$ 77,200.00",https://d2x7jl4z036ayr.cloudfront.net/porsche_pictures/WP1/WP1AB2A5/WP1AB2A5XLLB34603/C669135F2241CB9520D3D52BDD8926D4.jpg
2020 Porsche Macan S,Jet Black Metallic,90 km,,"$ 75,700.00",https://d2x7jl4z036ayr.cloudfront.net/porsche_pictures/WP1/WP1AB2A5/WP1AB2A53LLB34636/0505D245838F7000B7787B1B1C3B8F1F.jpg
2020 Porsche Macan S,Dolomite Silver Metallic,50 km,P20215,"$ 77,200.00",https://d2x7jl4z036ayr.cloudfront.net/porsche_pictures/WP1/WP1AB2A5/WP1AB2A57LLB34607/9992EBFFABF608B5DFB89649888A9A09.jpg
